measuredAt,sensorId,temperature,humidity,pressure,tvoc,eCo2,co2,absolute_humidity
2021-02-14T15:35:00+0900,m5stack-bme280-device-sgp30,,,,47.0,446.0,,
2021-02-14T15:40:00+0900,m5stack-bme280-device-sgp30,,,,23.0,400.0,,
2021-02-14T15:46:00+0900,m5stack-bme280-device-sgp30,,,,13.0,400.0,,
2021-02-14T15:51:00+0900,m5stack-bme280-device-sgp30,,,,32.0,400.0,,
2021-02-14T15:56:00+0900,m5stack-bme280-device-sgp30,,,,75.0,523.0,,
2021-02-14T16:01:00+0900,m5stack-bme280-device-sgp30,,,,245.0,876.0,,
2021-02-14T16:07:00+0900,m5stack-bme280-device-sgp30,,,,177.0,698.0,,
2021-02-14T16:13:00+0900,m5stack-bme280-device-sgp30,,,,108.0,552.0,,
2021-02-14T16:19:00+0900,m5stack-bme280-device-sgp30,,,,76.0,432.0,,
2021-02-14T16:24:00+0900,m5stack-bme280-device-sgp30,,,,33.0,400.0,,
2021-02-14T16:29:00+0900,m5stack-bme280-device-sgp30,,,,15.0,400.0,,
2021-02-14T16:35:00+0900,m5stack-bme280-device-sgp30,,,,7.0,400.0,,
2021-02-14T16:43:00+0900,m5stack-bme280-device-sgp30,,,,158.0,645.0,,
2021-02-14T16:49:00+0900,m5stack-bme280-device-sgp30,,,,163.0,652.0,,
2021-02-14T16:54:00+0900,m5stack-bme280-device-sgp30,,,,162.0,650.0,,
2021-02-14T16:59:00+0900,m5stack-bme280-device-sgp30,,,,150.0,643.0,,
2021-02-14T17:05:00+0900,m5stack-bme280-device-sgp30,,,,117.0,586.0,,
2021-02-14T17:09:00+0900,m5stack-bme280-device-bme280,26.8,36.6084,1014.427,,,,9.297320228703716
2021-02-14T17:10:00+0900,m5stack-bme280-device-bme280,26.75,36.91113,1014.444,,,,9.348238458662232
2021-02-14T17:10:00+0900,m5stack-bme280-device-sgp30,,,,10.0,468.0,,
2021-02-14T17:11:00+0900,m5stack-bme280-device-bme280,26.68,36.7666,1014.463,,,,9.275529175354857
2021-02-14T17:11:00+0900,m5stack-bme280-device-sgp30,,,,6.0,454.0,,
2021-02-14T17:12:00+0900,m5stack-bme280-device-bme280,26.67,36.97559,1014.441,,,,9.323076191803771
2021-02-14T17:12:00+0900,m5stack-bme280-device-sgp30,,,,5.0,456.0,,
2021-02-14T17:13:00+0900,m5stack-bme280-device-bme280,26.62,37.00098,1014.442,,,,9.30361108841143
2021-02-14T17:13:00+0900,m5stack-bme280-device-sgp30,,,,3.0,414.0,,
2021-02-14T17:14:00+0900,m5stack-bme280-device-bme280,26.54,37.21289,1014.413,,,,9.31539937413404
2021-02-14T17:14:00+0900,m5stack-bme280-device-sgp30,,,,4.0,413.0,,
2021-02-14T17:15:00+0900,m5stack-bme280-device-bme280,26.52,37.13184,1014.442,,,,9.28478400375132
2021-02-14T17:15:00+0900,m5stack-bme280-device-sgp30,,,,2.0,400.0,,
2021-02-14T17:16:00+0900,m5stack-bme280-device-bme280,26.48,37.19824,1014.4,,,,9.280727357129432
2021-02-14T17:16:00+0900,m5stack-bme280-device-sgp30,,,,5.0,400.0,,
2021-02-14T17:17:00+0900,m5stack-bme280-device-bme280,26.45,37.24512,1014.475,,,,9.276935171741444
2021-02-14T17:17:00+0900,m5stack-bme280-device-sgp30,,,,4.0,400.0,,
2021-02-14T17:18:00+0900,m5stack-bme280-device-bme280,26.45,37.3252,1014.436,,,,9.296881327601676
2021-02-14T17:18:00+0900,m5stack-bme280-device-sgp30,,,,2.0,400.0,,
2021-02-14T17:19:00+0900,m5stack-bme280-device-bme280,26.46,37.61426,1014.436,,,,9.374091263499349
2021-02-14T17:19:00+0900,m5stack-bme280-device-sgp30,,,,9.0,408.0,,
2021-02-14T17:20:00+0900,m5stack-bme280-device-bme280,26.47,37.38574,1014.382,,,,9.322322635986763
2021-02-14T17:20:00+0900,m5stack-bme280-device-sgp30,,,,1.0,400.0,,
2021-02-14T17:21:00+0900,m5stack-bme280-device-bme280,26.45,37.49414,1014.459,,,,9.3389605430241
2021-02-14T17:21:00+0900,m5stack-bme280-device-sgp30,,,,5.0,400.0,,
2021-02-14T17:22:00+0900,m5stack-bme280-device-bme280,26.45,37.39453,1014.436,,,,9.314149896355298
2021-02-14T17:22:00+0900,m5stack-bme280-device-sgp30,,,,6.0,400.0,,
2021-02-14T17:24:00+0900,m5stack-bme280-device-bme280,26.42,37.43262,1014.452,,,,9.308093224397435
2021-02-14T17:24:00+0900,m5stack-bme280-device-sgp30,,,,9.0,400.0,,
2021-02-14T17:25:00+0900,m5stack-bme280-device-bme280,26.41,37.4502,1014.474,,,,9.307285900473024
2021-02-14T17:25:00+0900,m5stack-bme280-device-sgp30,,,,24.0,400.0,,
2021-02-14T17:26:00+0900,m5stack-bme280-device-bme280,26.4,37.33105,1014.48,,,,9.272514365877688
2021-02-14T17:26:00+0900,m5stack-bme280-device-sgp30,,,,0.0,400.0,,
2021-02-14T17:27:00+0900,m5stack-bme280-device-bme280,26.42,37.48242,1014.512,,,,9.320476622689489
2021-02-14T17:27:00+0900,m5stack-bme280-device-sgp30,,,,17.0,400.0,,
2021-02-14T17:28:00+0900,m5stack-bme280-device-bme280,26.39,37.46973,1014.472,,,,9.301784006795774
2021-02-14T17:28:00+0900,m5stack-bme280-device-sgp30,,,,1.0,400.0,,
2021-02-14T17:29:00+0900,m5stack-bme280-device-bme280,26.4,37.41992,1014.481,,,,9.294588439649935
2021-02-14T17:29:00+0900,m5stack-bme280-device-sgp30,,,,3.0,400.0,,
2021-02-14T17:31:00+0900,m5stack-bme280-device-bme280,26.35,37.55566,1014.486,,,,9.302387161710264
2021-02-14T17:31:00+0900,m5stack-bme280-device-sgp30,,,,0.0,400.0,,
2021-02-14T17:32:00+0900,m5stack-bme280-device-bme280,26.34,37.48535,1014.516,,,,9.279805360951991
2021-02-14T17:32:00+0900,m5stack-bme280-device-sgp30,,,,0.0,400.0,,
2021-02-14T17:33:00+0900,m5stack-bme280-device-bme280,26.39,37.39941,1014.495,,,,9.2843272103001
2021-02-14T17:33:00+0900,m5stack-bme280-device-sgp30,,,,0.0,400.0,,
2021-02-14T17:34:00+0900,m5stack-bme280-device-bme280,26.38,37.53809,1014.528,,,,9.313570735301065
2021-02-14T17:34:00+0900,m5stack-bme280-device-sgp30,,,,5.0,400.0,,
2021-02-14T17:35:00+0900,m5stack-bme280-device-bme280,26.38,37.40918,1014.551,,,,9.28158689159757
2021-02-14T17:35:00+0900,m5stack-bme280-device-sgp30,,,,8.0,400.0,,
2021-02-14T17:36:00+0900,m5stack-bme280-device-bme280,26.39,37.50879,1014.501,,,,9.311480572084754
2021-02-14T17:36:00+0900,m5stack-bme280-device-sgp30,,,,8.0,400.0,,
2021-02-14T17:37:00+0900,m5stack-bme280-device-bme280,26.4,37.45996,1014.547,,,,9.304533819573884
2021-02-14T17:37:00+0900,m5stack-bme280-device-sgp30,,,,1.0,400.0,,
2021-02-14T17:38:00+0900,m5stack-bme280-device-bme280,26.38,37.49805,1014.524,,,,9.30363641599389
2021-02-14T17:38:00+0900,m5stack-bme280-device-sgp30,,,,0.0,400.0,,
2021-02-14T17:39:00+0900,m5stack-bme280-device-bme280,26.37,37.67773,1014.542,,,,9.34301650904063
2021-02-14T17:39:00+0900,m5stack-bme280-device-sgp30,,,,14.0,400.0,,
2021-02-14T17:40:00+0900,m5stack-bme280-device-bme280,26.38,37.61816,1014.551,,,,9.333436892816689
2021-02-14T17:40:00+0900,m5stack-bme280-device-sgp30,,,,2.0,400.0,,
2021-02-14T17:41:00+0900,m5stack-bme280-device-bme280,26.39,37.50879,1014.59,,,,9.311480572084754
2021-02-14T17:41:00+0900,m5stack-bme280-device-sgp30,,,,3.0,400.0,,
2021-02-14T17:43:00+0900,m5stack-bme280-device-bme280,26.43,37.47266,1014.583,,,,9.32323408000318
2021-02-14T17:43:00+0900,m5stack-bme280-device-sgp30,,,,0.0,400.0,,
2021-02-14T17:44:00+0900,m5stack-bme280-device-bme280,26.41,37.55957,1014.612,,,,9.334467006553492
2021-02-14T17:44:00+0900,m5stack-bme280-device-sgp30,,,,2.0,400.0,,
2021-02-14T17:45:00+0900,m5stack-bme280-device-bme280,26.41,37.48047,1014.558,,,,9.314808731972114
2021-02-14T17:45:00+0900,m5stack-bme280-device-sgp30,,,,0.0,400.0,,
2021-02-14T17:46:00+0900,m5stack-bme280-device-bme280,26.41,37.58105,1014.523,,,,9.339805309183175
2021-02-14T17:46:00+0900,m5stack-bme280-device-sgp30,,,,8.0,400.0,,
2021-02-14T17:47:00+0900,m5stack-bme280-device-bme280,26.42,37.7002,1014.539,,,,9.374630367268663
2021-02-14T17:47:00+0900,m5stack-bme280-device-sgp30,,,,12.0,400.0,,
2021-02-14T17:48:00+0900,m5stack-bme280-device-bme280,26.43,37.50293,1014.492,,,,9.330765285303304
2021-02-14T17:48:00+0900,m5stack-bme280-device-sgp30,,,,1.0,400.0,,
2021-02-14T17:50:00+0900,m5stack-bme280-device-bme280,26.42,38.68457,1014.532,,,,9.61940638688204
2021-02-14T17:50:00+0900,m5stack-bme280-device-sgp30,,,,62.0,631.0,,
2021-02-14T17:52:00+0900,m5stack-bme280-device-bme280,26.36,37.66602,1014.521,,,,9.334916579684366
2021-02-14T17:52:00+0900,m5stack-bme280-device-sgp30,,,,0.0,400.0,,
2021-02-14T17:53:00+0900,m5stack-bme280-device-bme280,26.41,37.58105,1014.524,,,,9.339805309183175
2021-02-14T17:53:00+0900,m5stack-bme280-device-sgp30,,,,8.0,400.0,,
2021-02-14T17:54:00+0900,m5stack-bme280-device-bme280,26.38,37.49805,1014.49,,,,9.30363641599389
2021-02-14T17:54:00+0900,m5stack-bme280-device-sgp30,,,,0.0,400.0,,
2021-02-14T17:55:00+0900,m5stack-bme280-device-bme280,26.36,38.54004,1014.519,,,,9.55152836370019
2021-02-14T17:55:00+0900,m5stack-bme280-device-sgp30,,,,7.0,400.0,,
2021-02-14T17:56:00+0900,m5stack-bme280-device-bme280,26.37,37.73633,1014.488,,,,9.357547659601712
2021-02-14T17:56:00+0900,m5stack-bme280-device-sgp30,,,,65.0,400.0,,
2021-02-14T17:57:00+0900,m5stack-bme280-device-bme280,26.37,37.74609,1014.527,,,,9.359967864882876
2021-02-14T17:57:00+0900,m5stack-bme280-device-sgp30,,,,16.0,400.0,,
2021-02-14T17:58:00+0900,m5stack-bme280-device-bme280,26.33,38.81641,1014.552,,,,9.603972987679
2021-02-14T17:58:00+0900,m5stack-bme280-device-sgp30,,,,110.0,542.0,,
2021-02-14T17:59:00+0900,m5stack-bme280-device-bme280,26.33,37.62305,1014.532,,,,9.30871133920155
2021-02-14T17:59:00+0900,m5stack-bme280-device-sgp30,,,,0.0,400.0,,
2021-02-14T18:00:00+0900,m5stack-bme280-device-bme280,26.33,37.94141,1014.513,,,,9.387480108398842
2021-02-14T18:00:00+0900,m5stack-bme280-device-sgp30,,,,78.0,400.0,,
2021-02-14T18:01:00+0900,m5stack-bme280-device-bme280,26.32,37.69238,1014.493,,,,9.320675154389722
2021-02-14T18:01:00+0900,m5stack-bme280-device-sgp30,,,,2.0,400.0,,
2021-02-14T18:02:00+0900,m5stack-bme280-device-bme280,26.31,37.78027,1014.475,,,,9.337209386096944
2021-02-14T18:02:00+0900,m5stack-bme280-device-sgp30,,,,13.0,400.0,,
2021-02-14T18:03:00+0900,m5stack-bme280-device-bme280,26.33,38.31934,1014.497,,,,9.480987712817528
2021-02-14T18:03:00+0900,m5stack-bme280-device-sgp30,,,,18.0,400.0,,
2021-02-14T18:04:00+0900,m5stack-bme280-device-bme280,26.31,37.6123,1014.404,,,,9.295696420186887
2021-02-14T18:04:00+0900,m5stack-bme280-device-sgp30,,,,0.0,400.0,,
2021-02-14T18:05:00+0900,m5stack-bme280-device-bme280,26.31,37.57227,1014.443,,,,9.285803201008584
2021-02-14T18:05:00+0900,m5stack-bme280-device-sgp30,,,,4.0,400.0,,
2021-02-14T18:06:00+0900,m5stack-bme280-device-bme280,26.33,37.44531,1014.359,,,,9.26473483135783
2021-02-14T18:06:00+0900,m5stack-bme280-device-sgp30,,,,17.0,400.0,,
2021-02-14T18:07:00+0900,m5stack-bme280-device-bme280,26.33,37.57324,1014.358,,,,9.296387327410754
2021-02-14T18:07:00+0900,m5stack-bme280-device-sgp30,,,,69.0,400.0,,
2021-02-14T18:08:00+0900,m5stack-bme280-device-bme280,26.29,37.60938,1014.34,,,,9.2846303471931
2021-02-14T18:08:00+0900,m5stack-bme280-device-sgp30,,,,79.0,400.0,,
2021-02-14T18:09:00+0900,m5stack-bme280-device-bme280,26.28,37.58984,1014.287,,,,9.27464071026794
2021-02-14T18:09:00+0900,m5stack-bme280-device-sgp30,,,,74.0,400.0,,
2021-02-14T18:11:00+0900,m5stack-bme280-device-bme280,26.27,37.59766,1014.271,,,,9.27140576950058
2021-02-14T18:11:00+0900,m5stack-bme280-device-sgp30,,,,70.0,400.0,,
2021-02-14T18:12:00+0900,m5stack-bme280-device-bme280,26.27,37.58887,1014.261,,,,9.269238196925215
2021-02-14T18:12:00+0900,m5stack-bme280-device-sgp30,,,,146.0,577.0,,
2021-02-14T18:13:00+0900,m5stack-bme280-device-bme280,26.25,37.58691,1014.267,,,,9.258436478158496
2021-02-14T18:13:00+0900,m5stack-bme280-device-sgp30,,,,180.0,571.0,,
2021-02-14T18:14:00+0900,m5stack-bme280-device-bme280,26.25,37.58594,1014.265,,,,9.25819754701508
2021-02-14T18:14:00+0900,m5stack-bme280-device-sgp30,,,,201.0,613.0,,
2021-02-14T18:15:00+0900,m5stack-bme280-device-bme280,26.23,37.69434,1014.229,,,,9.274560769266824
2021-02-14T18:15:00+0900,m5stack-bme280-device-sgp30,,,,177.0,585.0,,
2021-02-14T18:16:00+0900,m5stack-bme280-device-bme280,26.23,37.63477,1014.283,,,,9.259903778720629
2021-02-14T18:16:00+0900,m5stack-bme280-device-sgp30,,,,178.0,565.0,,
2021-02-14T18:17:00+0900,m5stack-bme280-device-bme280,26.25,37.59766,1014.26,,,,9.261084426397396
2021-02-14T18:17:00+0900,m5stack-bme280-device-sgp30,,,,180.0,543.0,,
2021-02-14T18:18:00+0900,m5stack-bme280-device-bme280,26.23,37.56445,1014.271,,,,9.242601788201764
2021-02-14T18:18:00+0900,m5stack-bme280-device-sgp30,,,,170.0,537.0,,
2021-02-14T18:19:00+0900,m5stack-bme280-device-bme280,26.22,37.66406,1014.275,,,,9.261949378966836
2021-02-14T18:19:00+0900,m5stack-bme280-device-sgp30,,,,208.0,588.0,,
2021-02-14T18:20:00+0900,m5stack-bme280-device-bme280,26.22,38.13086,1014.279,,,,9.376739923855034
2021-02-14T18:20:00+0900,m5stack-bme280-device-sgp30,,,,225.0,592.0,,
2021-02-14T18:22:00+0900,m5stack-bme280-device-bme280,26.19,38.92383,1014.259,,,,9.555752945244022
2021-02-14T18:22:00+0900,m5stack-bme280-device-sgp30,,,,221.0,644.0,,
2021-02-14T18:24:00+0900,m5stack-bme280-device-bme280,26.1,38.02148,1014.304,,,,9.287516290620866
2021-02-14T18:24:00+0900,m5stack-bme280-device-sgp30,,,,210.0,556.0,,
2021-02-14T18:25:00+0900,m5stack-bme280-device-bme280,26.07,38.05859,1014.284,,,,9.281040593713689
2021-02-14T18:25:00+0900,m5stack-bme280-device-sgp30,,,,205.0,526.0,,
2021-02-14T18:27:00+0900,m5stack-bme280-device-bme280,26.01,38.04395,1014.31,,,,9.246468453577418
2021-02-14T18:27:00+0900,m5stack-bme280-device-sgp30,,,,174.0,457.0,,
2021-02-14T18:28:00+0900,m5stack-bme280-device-bme280,26.02,38.10449,1014.294,,,,9.266351519348502
2021-02-14T18:28:00+0900,m5stack-bme280-device-sgp30,,,,158.0,437.0,,
2021-02-14T18:29:00+0900,m5stack-bme280-device-bme280,26.05,38.04688,1014.299,,,,9.26784022840074
2021-02-14T18:29:00+0900,m5stack-bme280-device-sgp30,,,,152.0,422.0,,
2021-02-14T18:31:00+0900,m5stack-bme280-device-bme280,26.04,39.04004,1014.255,,,,9.50446053182209
2021-02-14T18:31:00+0900,m5stack-bme280-device-sgp30,,,,153.0,415.0,,
2021-02-14T18:33:00+0900,m5stack-bme280-device-bme280,26.13,39.71191,1014.231,,,,9.716677123859291
2021-02-14T18:33:00+0900,m5stack-bme280-device-sgp30,,,,210.0,697.0,,
2021-02-14T18:34:00+0900,m5stack-bme280-device-bme280,26.24,38.65918,1014.274,,,,9.517256291573146
2021-02-14T18:34:00+0900,m5stack-bme280-device-sgp30,,,,179.0,400.0,,
2021-02-14T18:35:00+0900,m5stack-bme280-device-bme280,26.18,37.85938,1014.232,,,,9.289253858252753
2021-02-14T18:35:00+0900,m5stack-bme280-device-sgp30,,,,112.0,400.0,,
2021-02-14T18:37:00+0900,m5stack-bme280-device-bme280,26.01,38.32129,1014.206,,,,9.313875112478902
2021-02-14T18:37:00+0900,m5stack-bme280-device-sgp30,,,,102.0,400.0,,
2021-02-14T18:38:00+0900,m5stack-bme280-device-bme280,25.96,38.68555,1014.209,,,,9.376206159304672
2021-02-14T18:38:00+0900,m5stack-bme280-device-sgp30,,,,88.0,400.0,,
2021-02-14T18:40:00+0900,m5stack-bme280-device-bme280,25.92,38.9502,1014.195,,,,9.41929057835329
2021-02-14T18:40:00+0900,m5stack-bme280-device-sgp30,,,,101.0,400.0,,
2021-02-14T18:41:00+0900,m5stack-bme280-device-bme280,25.92,38.58301,1014.237,,,,9.330493362742956
2021-02-14T18:41:00+0900,m5stack-bme280-device-sgp30,,,,73.0,400.0,,
2021-02-14T18:42:00+0900,m5stack-bme280-device-bme280,25.92,38.83008,1014.18,,,,9.390242070662142
2021-02-14T18:42:00+0900,m5stack-bme280-device-sgp30,,,,84.0,400.0,,
2021-02-14T18:44:00+0900,m5stack-bme280-device-bme280,25.87,38.90527,1014.16,,,,9.382189071646255
2021-02-14T18:44:00+0900,m5stack-bme280-device-sgp30,,,,55.0,400.0,,
2021-02-14T18:45:00+0900,m5stack-bme280-device-bme280,25.87,38.94531,1014.134,,,,9.391844906201026
2021-02-14T18:45:00+0900,m5stack-bme280-device-sgp30,,,,53.0,400.0,,
2021-02-14T18:46:00+0900,m5stack-bme280-device-bme280,25.89,38.90723,1014.113,,,,9.39314913159518
2021-02-14T18:46:00+0900,m5stack-bme280-device-sgp30,,,,53.0,400.0,,
2021-02-14T18:47:00+0900,m5stack-bme280-device-bme280,25.86,38.89453,1014.101,,,,9.374360870411008
2021-02-14T18:47:00+0900,m5stack-bme280-device-sgp30,,,,46.0,400.0,,
2021-02-14T18:48:00+0900,m5stack-bme280-device-bme280,25.85,38.97266,1014.033,,,,9.387945571984902
2021-02-14T18:48:00+0900,m5stack-bme280-device-sgp30,,,,41.0,400.0,,
2021-02-14T18:49:00+0900,m5stack-bme280-device-bme280,25.84,39.04199,1013.984,,,,9.399393163882344
2021-02-14T18:49:00+0900,m5stack-bme280-device-sgp30,,,,52.0,400.0,,
2021-02-14T18:51:00+0900,m5stack-bme280-device-bme280,25.84,39.00195,1013.916,,,,9.389753498940012
2021-02-14T18:51:00+0900,m5stack-bme280-device-sgp30,,,,28.0,400.0,,
2021-02-14T18:58:00+0900,m5stack-bme280-device-sgp30,,,,3.0,400.0,,
2021-02-14T18:59:00+0900,m5stack-bme280-device-bme280,25.84,39.2207,1013.772,,,,9.442417752339988
2021-02-14T18:59:00+0900,m5stack-bme280-device-sgp30,,,,2.0,400.0,,
2021-02-14T19:01:00+0900,m5stack-bme280-device-bme280,25.82,39.58594,1013.727,,,,9.51970493605081
2021-02-14T19:01:00+0900,m5stack-bme280-device-sgp30,,,,0.0,400.0,,
2021-02-14T19:02:00+0900,m5stack-bme280-device-bme280,25.14,39.80371,1013.817,,,,9.214247771430662
2021-02-14T19:02:00+0900,m5stack-bme280-device-sgp30,,,,0.0,400.0,,
2021-02-14T19:04:00+0900,m5stack-bme280-device-bme280,25.4,40.37109,1013.708,,,,9.482951175258457
2021-02-14T19:04:00+0900,m5stack-bme280-device-sgp30,,,,20.0,400.0,,
2021-02-14T19:05:00+0900,m5stack-bme280-device-bme280,25.53,40.01563,1013.698,,,,9.468175526520842
2021-02-14T19:05:00+0900,m5stack-bme280-device-sgp30,,,,12.0,400.0,,
2021-02-14T19:06:00+0900,m5stack-bme280-device-bme280,25.62,39.72754,1013.7,,,,9.447494545861815
2021-02-14T19:06:00+0900,m5stack-bme280-device-sgp30,,,,21.0,400.0,,
2021-02-14T19:07:00+0900,m5stack-bme280-device-bme280,25.74,39.38965,1013.65,,,,9.430235174676175
2021-02-14T19:07:00+0900,m5stack-bme280-device-sgp30,,,,22.0,400.0,,
2021-02-14T19:09:00+0900,m5stack-bme280-device-bme280,25.83,39.3291,1013.64,,,,9.46322607232436
2021-02-14T19:09:00+0900,m5stack-bme280-device-sgp30,,,,12.0,400.0,,
2021-02-14T19:10:00+0900,m5stack-bme280-device-bme280,25.82,39.18945,1013.629,,,,9.42435623875842
2021-02-14T19:10:00+0900,m5stack-bme280-device-sgp30,,,,6.0,400.0,,
2021-02-14T19:11:00+0900,m5stack-bme280-device-bme280,25.86,39.08301,1013.645,,,,9.419788326067495
2021-02-14T19:11:00+0900,m5stack-bme280-device-sgp30,,,,5.0,400.0,,
2021-02-14T19:12:00+0900,m5stack-bme280-device-bme280,25.92,38.92969,1013.57,,,,9.41433066416127
2021-02-14T19:12:00+0900,m5stack-bme280-device-sgp30,,,,2.0,400.0,,
2021-02-14T19:13:00+0900,m5stack-bme280-device-bme280,25.97,38.81445,1013.611,,,,9.4127002687211
2021-02-14T19:13:00+0900,m5stack-bme280-device-sgp30,,,,0.0,400.0,,
2021-02-14T19:14:00+0900,m5stack-bme280-device-bme280,26.0,38.69824,1013.516,,,,9.400244666458091
2021-02-14T19:14:00+0900,m5stack-bme280-device-sgp30,,,,0.0,400.0,,
2021-02-14T19:15:00+0900,m5stack-bme280-device-bme280,26.03,38.68164,1013.504,,,,9.411954213288316
2021-02-14T19:15:00+0900,m5stack-bme280-device-sgp30,,,,30.0,400.0,,
2021-02-14T19:16:00+0900,m5stack-bme280-device-bme280,26.04,38.5625,1013.494,,,,9.388201427518757
2021-02-14T19:16:00+0900,m5stack-bme280-device-sgp30,,,,42.0,400.0,,
2021-02-14T19:17:00+0900,m5stack-bme280-device-bme280,26.02,38.53125,1013.436,,,,9.370132154501924
2021-02-14T19:17:00+0900,m5stack-bme280-device-sgp30,,,,50.0,400.0,,
2021-02-14T19:18:00+0900,m5stack-bme280-device-bme280,26.04,38.45313,1013.418,,,,9.361574844954667
2021-02-14T19:18:00+0900,m5stack-bme280-device-sgp30,,,,68.0,400.0,,
2021-02-14T19:19:00+0900,m5stack-bme280-device-bme280,26.08,38.38672,1013.368,,,,9.366281341473282
2021-02-14T19:19:00+0900,m5stack-bme280-device-sgp30,,,,60.0,400.0,,
2021-02-14T19:20:00+0900,m5stack-bme280-device-bme280,26.04,38.36426,1013.362,,,,9.339939072873928
2021-02-14T19:20:00+0900,m5stack-bme280-device-sgp30,,,,60.0,400.0,,
2021-02-14T19:21:00+0900,m5stack-bme280-device-bme280,26.03,38.39355,1013.351,,,,9.341856619460696
2021-02-14T19:21:00+0900,m5stack-bme280-device-sgp30,,,,54.0,400.0,,
2021-02-14T19:22:00+0900,m5stack-bme280-device-bme280,25.99,38.46875,1013.339,,,,9.339285531074973
2021-02-14T19:22:00+0900,m5stack-bme280-device-sgp30,,,,49.0,400.0,,
2021-02-14T19:23:00+0900,m5stack-bme280-device-bme280,26.01,38.41211,1013.358,,,,9.335948642303064
2021-02-14T19:23:00+0900,m5stack-bme280-device-sgp30,,,,45.0,400.0,,
2021-02-14T19:24:00+0900,m5stack-bme280-device-bme280,26.01,38.3418,1013.368,,,,9.318860006738904
2021-02-14T19:24:00+0900,m5stack-bme280-device-sgp30,,,,49.0,400.0,,
2021-02-14T19:25:00+0900,m5stack-bme280-device-bme280,26.0,38.35059,1013.391,,,,9.315796509169951
2021-02-14T19:25:00+0900,m5stack-bme280-device-sgp30,,,,45.0,400.0,,
2021-02-14T19:26:00+0900,m5stack-bme280-device-bme280,26.03,38.21387,1013.432,,,,9.298137171861171
2021-02-14T19:26:00+0900,m5stack-bme280-device-sgp30,,,,40.0,400.0,,
2021-02-14T19:28:00+0900,m5stack-bme280-device-bme280,26.02,39.01758,1013.471,,,,9.48839918115429
2021-02-14T19:28:00+0900,m5stack-bme280-device-sgp30,,,,46.0,400.0,,
2021-02-14T19:29:00+0900,m5stack-bme280-device-bme280,26.07,39.13184,1013.476,,,,9.542765392693449
2021-02-14T19:29:00+0900,m5stack-bme280-device-sgp30,,,,95.0,400.0,,
2021-02-14T19:30:00+0900,m5stack-bme280-device-bme280,26.04,38.24512,1013.447,,,,9.31093394306972
2021-02-14T19:30:00+0900,m5stack-bme280-device-sgp30,,,,26.0,400.0,,
2021-02-14T19:31:00+0900,m5stack-bme280-device-bme280,26.05,38.26563,1013.47,,,,9.321125545093269
2021-02-14T19:31:00+0900,m5stack-bme280-device-sgp30,,,,27.0,400.0,,
2021-02-14T19:32:00+0900,m5stack-bme280-device-bme280,26.06,38.24609,1013.445,,,,9.321563998765726
2021-02-14T19:32:00+0900,m5stack-bme280-device-sgp30,,,,18.0,400.0,,
2021-02-14T19:33:00+0900,m5stack-bme280-device-bme280,26.06,38.26563,1013.453,,,,9.326326403511828
2021-02-14T19:33:00+0900,m5stack-bme280-device-sgp30,,,,20.0,400.0,,
2021-02-14T19:34:00+0900,m5stack-bme280-device-bme280,26.06,38.12793,1013.447,,,,9.292765342430023
2021-02-14T19:34:00+0900,m5stack-bme280-device-sgp30,,,,12.0,400.0,,
2021-02-14T19:35:00+0900,m5stack-bme280-device-bme280,26.07,38.31738,1013.448,,,,9.344149618384522
2021-02-14T19:35:00+0900,m5stack-bme280-device-sgp30,,,,33.0,400.0,,
2021-02-14T19:36:00+0900,m5stack-bme280-device-bme280,26.06,38.07715,1013.455,,,,9.28038893951257
2021-02-14T19:36:00+0900,m5stack-bme280-device-sgp30,,,,11.0,400.0,,
2021-02-14T19:37:00+0900,m5stack-bme280-device-bme280,26.02,38.10449,1013.46,,,,9.266351519348502
2021-02-14T19:37:00+0900,m5stack-bme280-device-sgp30,,,,4.0,400.0,,
2021-02-14T19:38:00+0900,m5stack-bme280-device-bme280,26.08,38.05957,1013.497,,,,9.2864574091117
2021-02-14T19:38:00+0900,m5stack-bme280-device-sgp30,,,,8.0,400.0,,
2021-02-14T19:39:00+0900,m5stack-bme280-device-bme280,26.1,38.06055,1013.446,,,,9.297059929150311
2021-02-14T19:39:00+0900,m5stack-bme280-device-sgp30,,,,16.0,400.0,,
2021-02-14T19:41:00+0900,m5stack-bme280-device-bme280,26.08,38.00977,1013.46,,,,9.274306310742126
2021-02-14T19:41:00+0900,m5stack-bme280-device-sgp30,,,,0.0,400.0,,
2021-02-14T19:42:00+0900,m5stack-bme280-device-bme280,26.03,38.1543,1013.44,,,,9.283642695606142
2021-02-14T19:42:00+0900,m5stack-bme280-device-sgp30,,,,3.0,400.0,,
2021-02-14T19:43:00+0900,m5stack-bme280-device-bme280,26.04,38.08594,1013.523,,,,9.272180908301944
2021-02-14T19:43:00+0900,m5stack-bme280-device-sgp30,,,,5.0,400.0,,
2021-02-14T19:44:00+0900,m5stack-bme280-device-bme280,26.05,38.02734,1013.495,,,,9.26308047942624
2021-02-14T19:44:00+0900,m5stack-bme280-device-sgp30,,,,5.0,400.0,,
2021-02-14T19:46:00+0900,m5stack-bme280-device-bme280,26.02,38.09473,1013.508,,,,9.263978056514365
2021-02-14T19:46:00+0900,m5stack-bme280-device-sgp30,,,,8.0,400.0,,
2021-02-14T19:47:00+0900,m5stack-bme280-device-bme280,26.05,37.9873,1013.488,,,,9.253327135058838
2021-02-14T19:47:00+0900,m5stack-bme280-device-sgp30,,,,2.0,400.0,,
2021-02-14T19:49:00+0900,m5stack-bme280-device-bme280,26.04,37.94727,1013.423,,,,9.238421118559216
2021-02-14T19:49:00+0900,m5stack-bme280-device-sgp30,,,,2.0,400.0,,
2021-02-14T19:51:00+0900,m5stack-bme280-device-bme280,26.06,37.91895,1013.397,,,,9.241831496788231
2021-02-14T19:51:00+0900,m5stack-bme280-device-sgp30,,,,0.0,400.0,,
2021-02-14T19:52:00+0900,m5stack-bme280-device-bme280,26.04,37.9375,1013.32,,,,9.236042571319102
2021-02-14T19:52:00+0900,m5stack-bme280-device-sgp30,,,,6.0,400.0,,
2021-02-14T19:53:00+0900,m5stack-bme280-device-bme280,26.04,37.87793,1013.32,,,,9.221540006417
2021-02-14T19:53:00+0900,m5stack-bme280-device-sgp30,,,,9.0,400.0,,
2021-02-14T19:54:00+0900,m5stack-bme280-device-bme280,26.01,37.9248,1013.308,,,,9.217509401842682
2021-02-14T19:54:00+0900,m5stack-bme280-device-sgp30,,,,0.0,400.0,,
2021-02-14T19:56:00+0900,m5stack-bme280-device-bme280,25.97,37.9502,1013.273,,,,9.20311527634733
2021-02-14T19:56:00+0900,m5stack-bme280-device-sgp30,,,,1.0,400.0,,
2021-02-14T19:58:00+0900,m5stack-bme280-device-bme280,26.02,37.82617,1013.207,,,,9.19866891934874
2021-02-14T19:58:00+0900,m5stack-bme280-device-sgp30,,,,4.0,400.0,,
2021-02-14T19:59:00+0900,m5stack-bme280-device-bme280,26.01,37.8457,1013.197,,,,9.198284383024236
2021-02-14T19:59:00+0900,m5stack-bme280-device-sgp30,,,,6.0,400.0,,
2021-02-14T20:00:00+0900,m5stack-bme280-device-bme280,26.03,37.79688,1013.153,,,,9.196675838075969
2021-02-14T20:00:00+0900,m5stack-bme280-device-sgp30,,,,7.0,400.0,,
2021-02-14T20:01:00+0900,m5stack-bme280-device-bme280,26.06,37.7207,1013.108,,,,9.193512830415926
2021-02-14T20:01:00+0900,m5stack-bme280-device-sgp30,,,,8.0,400.0,,
2021-02-14T20:02:00+0900,m5stack-bme280-device-bme280,26.06,37.70996,1013.093,,,,9.190895213887108
2021-02-14T20:02:00+0900,m5stack-bme280-device-sgp30,,,,6.0,400.0,,
2021-02-14T20:03:00+0900,m5stack-bme280-device-bme280,26.09,37.70313,1013.026,,,,9.20461858280446
2021-02-14T20:03:00+0900,m5stack-bme280-device-sgp30,,,,5.0,400.0,,
2021-02-14T20:04:00+0900,m5stack-bme280-device-bme280,26.05,37.72949,1013.028,,,,9.190527192217692
2021-02-14T20:04:00+0900,m5stack-bme280-device-sgp30,,,,8.0,400.0,,
2021-02-14T20:05:00+0900,m5stack-bme280-device-bme280,26.04,37.71875,1013.066,,,,9.182786971649222
2021-02-14T20:05:00+0900,m5stack-bme280-device-sgp30,,,,0.0,400.0,,
2021-02-14T20:06:00+0900,m5stack-bme280-device-bme280,26.07,37.66113,1013.06,,,,9.184115237456991
2021-02-14T20:06:00+0900,m5stack-bme280-device-sgp30,,,,4.0,400.0,,
2021-02-14T20:07:00+0900,m5stack-bme280-device-bme280,26.02,37.69727,1013.101,,,,9.167322673516711
2021-02-14T20:07:00+0900,m5stack-bme280-device-sgp30,,,,2.0,400.0,,
2021-02-14T20:08:00+0900,m5stack-bme280-device-bme280,26.0,37.74512,1013.133,,,,9.168720928001395
2021-02-14T20:08:00+0900,m5stack-bme280-device-sgp30,,,,0.0,400.0,,
2021-02-14T20:09:00+0900,m5stack-bme280-device-bme280,26.02,37.66699,1013.155,,,,9.15995910234686
2021-02-14T20:09:00+0900,m5stack-bme280-device-sgp30,,,,1.0,400.0,,
2021-02-14T20:10:00+0900,m5stack-bme280-device-bme280,25.95,37.80078,1013.105,,,,9.156651684330145
2021-02-14T20:10:00+0900,m5stack-bme280-device-sgp30,,,,1.0,400.0,,
2021-02-14T20:11:00+0900,m5stack-bme280-device-bme280,25.92,37.84766,1013.103,,,,9.152664357325987
2021-02-14T20:11:00+0900,m5stack-bme280-device-sgp30,,,,7.0,400.0,,
2021-02-14T20:12:00+0900,m5stack-bme280-device-bme280,25.89,37.9043,1013.096,,,,9.15101750057054
2021-02-14T20:12:00+0900,m5stack-bme280-device-sgp30,,,,2.0,400.0,,
2021-02-14T20:13:00+0900,m5stack-bme280-device-bme280,25.87,37.92285,1013.066,,,,9.14527386227316
2021-02-14T20:13:00+0900,m5stack-bme280-device-sgp30,,,,3.0,400.0,,
2021-02-14T20:14:00+0900,m5stack-bme280-device-bme280,25.86,37.96191,1012.997,,,,9.149580768042815
2021-02-14T20:14:00+0900,m5stack-bme280-device-sgp30,,,,0.0,400.0,,
2021-02-14T20:15:00+0900,m5stack-bme280-device-bme280,25.84,37.96973,1013.019,,,,9.141245633136483
2021-02-14T20:15:00+0900,m5stack-bme280-device-sgp30,,,,5.0,400.0,,
2021-02-14T20:16:00+0900,m5stack-bme280-device-bme280,25.84,37.91992,1013.018,,,,9.129253832168017
2021-02-14T20:16:00+0900,m5stack-bme280-device-sgp30,,,,6.0,400.0,,
2021-02-14T20:18:00+0900,m5stack-bme280-device-bme280,25.78,38.02344,1013.064,,,,9.12353238410968
2021-02-14T20:18:00+0900,m5stack-bme280-device-sgp30,,,,6.0,400.0,,
2021-02-14T20:19:00+0900,m5stack-bme280-device-bme280,25.77,38.02344,1013.103,,,,9.118433666601458
2021-02-14T20:19:00+0900,m5stack-bme280-device-sgp30,,,,7.0,400.0,,
2021-02-14T20:20:00+0900,m5stack-bme280-device-bme280,25.77,37.98438,1013.12,,,,9.10906665459472
2021-02-14T20:20:00+0900,m5stack-bme280-device-sgp30,,,,5.0,400.0,,
2021-02-14T20:21:00+0900,m5stack-bme280-device-bme280,25.77,38.00391,1013.092,,,,9.113750160598087
2021-02-14T20:21:00+0900,m5stack-bme280-device-sgp30,,,,6.0,400.0,,
2021-02-14T20:22:00+0900,m5stack-bme280-device-bme280,25.74,38.03125,1013.058,,,,9.105022042259916
2021-02-14T20:22:00+0900,m5stack-bme280-device-sgp30,,,,8.0,400.0,,
2021-02-14T20:23:00+0900,m5stack-bme280-device-bme280,25.71,38.10742,1013.037,,,,9.107964807912849
2021-02-14T20:23:00+0900,m5stack-bme280-device-sgp30,,,,8.0,400.0,,
2021-02-14T20:24:00+0900,m5stack-bme280-device-bme280,25.72,38.0791,1012.957,,,,9.106287537529052
2021-02-14T20:24:00+0900,m5stack-bme280-device-sgp30,,,,1.0,400.0,,
2021-02-14T20:25:00+0900,m5stack-bme280-device-bme280,25.69,38.10645,1012.953,,,,9.097550175864288
2021-02-14T20:25:00+0900,m5stack-bme280-device-sgp30,,,,8.0,400.0,,
2021-02-14T20:27:00+0900,m5stack-bme280-device-bme280,26.12,39.67285,1012.97,,,,9.701709652569589
2021-02-14T20:27:00+0900,m5stack-bme280-device-sgp30,,,,614.0,1310.0,,
2021-02-14T20:28:00+0900,m5stack-bme280-device-bme280,26.04,37.78809,1013.003,,,,9.199668083791437
2021-02-14T20:28:00+0900,m5stack-bme280-device-sgp30,,,,306.0,582.0,,
2021-02-14T20:31:00+0900,m5stack-bme280-device-bme280,25.9,37.87598,1013.024,,,,9.14928876770253
2021-02-14T20:31:00+0900,m5stack-bme280-device-sgp30,,,,0.0,400.0,,
2021-02-14T20:33:00+0900,m5stack-bme280-device-bme280,25.91,38.23438,1012.976,,,,9.241022784481803
2021-02-14T20:33:00+0900,m5stack-bme280-device-sgp30,,,,200.0,422.0,,
2021-02-14T20:34:00+0900,m5stack-bme280-device-bme280,25.94,37.85938,1012.966,,,,9.16572815022675
2021-02-14T20:34:00+0900,m5stack-bme280-device-sgp30,,,,0.0,400.0,,
2021-02-14T20:39:00+0900,m5stack-bme280-device-bme280,25.97,38.78516,1012.964,,,,9.405597295707937
2021-02-14T20:39:00+0900,m5stack-bme280-device-sgp30,,,,2389.0,4073.0,,
2021-02-14T20:41:00+0900,m5stack-bme280-device-bme280,25.82,38.16602,1012.918,,,,9.178239773601783
2021-02-14T20:41:00+0900,m5stack-bme280-device-sgp30,,,,0.0,400.0,,
2021-02-14T20:42:00+0900,m5stack-bme280-device-bme280,25.85,40.88867,1012.848,,,,9.849484445528017
2021-02-14T20:42:00+0900,m5stack-bme280-device-sgp30,,,,161.0,702.0,,
2021-02-14T20:43:00+0900,m5stack-bme280-device-bme280,25.8,38.98926,1012.816,,,,9.365740036927964
2021-02-14T20:43:00+0900,m5stack-bme280-device-sgp30,,,,1.0,400.0,,
2021-02-14T20:45:00+0900,m5stack-bme280-device-bme280,25.79,42.80762,1012.848,,,,10.27721522782256
2021-02-14T20:45:00+0900,m5stack-bme280-device-sgp30,,,,316.0,437.0,,
2021-02-14T20:46:00+0900,m5stack-bme280-device-bme280,25.74,38.57617,1012.813,,,,9.23548077320534
2021-02-14T20:46:00+0900,m5stack-bme280-device-sgp30,,,,4.0,411.0,,
2021-02-14T20:47:00+0900,m5stack-bme280-device-bme280,25.79,39.19629,1012.896,,,,9.410210342507924
2021-02-14T20:47:00+0900,m5stack-bme280-device-sgp30,,,,6821.0,21647.0,,
2021-02-14T20:48:00+0900,m5stack-bme280-device-bme280,25.77,38.59961,1012.856,,,,9.256605487080764
2021-02-14T20:48:00+0900,m5stack-bme280-device-sgp30,,,,5.0,402.0,,
2021-02-14T20:49:00+0900,m5stack-bme280-device-bme280,25.68,38.61133,1012.87,,,,9.212930321405272
2021-02-14T20:49:00+0900,m5stack-bme280-device-sgp30,,,,3.0,401.0,,
2021-02-14T20:50:00+0900,m5stack-bme280-device-bme280,25.72,38.85352,1012.9,,,,9.291483384983778
2021-02-14T20:50:00+0900,m5stack-bme280-device-sgp30,,,,10.0,417.0,,
2021-02-14T20:51:00+0900,m5stack-bme280-device-bme280,25.78,39.47266,1012.915,,,,9.471265403576076
2021-02-14T20:51:00+0900,m5stack-bme280-device-sgp30,,,,133.0,806.0,,
2021-02-14T20:52:00+0900,m5stack-bme280-device-bme280,25.8,38.96875,1012.935,,,,9.360813261499104
2021-02-14T20:52:00+0900,m5stack-bme280-device-sgp30,,,,122.0,486.0,,
2021-02-14T20:53:00+0900,m5stack-bme280-device-bme280,25.77,39.00684,1012.935,,,,9.354263661671231
2021-02-14T20:53:00+0900,m5stack-bme280-device-sgp30,,,,146.0,586.0,,
2021-02-14T20:54:00+0900,m5stack-bme280-device-bme280,25.75,39.84863,1012.862,,,,9.54545483922928
2021-02-14T20:54:00+0900,m5stack-bme280-device-sgp30,,,,126.0,590.0,,
2021-02-14T20:56:00+0900,m5stack-bme280-device-bme280,25.64,38.67773,1012.765,,,,9.208142776391224
2021-02-14T20:56:00+0900,m5stack-bme280-device-sgp30,,,,46.0,400.0,,
2021-02-14T20:58:00+0900,m5stack-bme280-device-bme280,25.55,38.83887,1012.698,,,,9.20003871706434
2021-02-14T20:58:00+0900,m5stack-bme280-device-sgp30,,,,34.0,400.0,,
2021-02-14T20:59:00+0900,m5stack-bme280-device-bme280,25.45,38.97852,1012.731,,,,9.18153996395587
2021-02-14T20:59:00+0900,m5stack-bme280-device-sgp30,,,,19.0,400.0,,
2021-02-14T21:01:00+0900,m5stack-bme280-device-bme280,25.24,39.19727,1012.747,,,,9.124957468922414
2021-02-14T21:01:00+0900,m5stack-bme280-device-sgp30,,,,7.0,400.0,,
2021-02-14T21:02:00+0900,m5stack-bme280-device-bme280,25.19,39.2334,1012.778,,,,9.107765945363491
2021-02-14T21:02:00+0900,m5stack-bme280-device-sgp30,,,,7.0,400.0,,
2021-02-14T21:03:00+0900,m5stack-bme280-device-bme280,25.1,39.30469,1012.748,,,,9.07830363217632
2021-02-14T21:03:00+0900,m5stack-bme280-device-sgp30,,,,5.0,400.0,,
2021-02-14T21:04:00+0900,m5stack-bme280-device-bme280,25.03,39.39746,1012.714,,,,9.063998418837544
2021-02-14T21:04:00+0900,m5stack-bme280-device-sgp30,,,,4.0,400.0,,
2021-02-14T21:05:00+0900,m5stack-bme280-device-bme280,24.99,39.41406,1012.681,,,,9.047444752546774
2021-02-14T21:05:00+0900,m5stack-bme280-device-sgp30,,,,7.0,400.0,,
2021-02-14T21:07:00+0900,m5stack-bme280-device-bme280,24.87,39.57227,1012.658,,,,9.022635828492731
2021-02-14T21:07:00+0900,m5stack-bme280-device-sgp30,,,,1.0,400.0,,
2021-02-14T21:08:00+0900,m5stack-bme280-device-bme280,24.81,39.58594,1012.577,,,,8.995312578462327
2021-02-14T21:08:00+0900,m5stack-bme280-device-sgp30,,,,0.0,400.0,,
2021-02-14T21:09:00+0900,m5stack-bme280-device-bme280,24.79,39.61426,1012.504,,,,8.991613651923739
2021-02-14T21:09:00+0900,m5stack-bme280-device-sgp30,,,,6.0,400.0,,
2021-02-14T21:10:00+0900,m5stack-bme280-device-bme280,24.76,39.5625,1012.461,,,,8.964702175826508
2021-02-14T21:10:00+0900,m5stack-bme280-device-sgp30,,,,7.0,400.0,,
2021-02-14T21:12:00+0900,m5stack-bme280-device-bme280,24.7,39.65625,1012.452,,,,8.955614063413432
2021-02-14T21:12:00+0900,m5stack-bme280-device-sgp30,,,,0.0,400.0,,
2021-02-14T21:13:00+0900,m5stack-bme280-device-bme280,24.64,39.69043,1012.45,,,,8.933063834586365
2021-02-14T21:13:00+0900,m5stack-bme280-device-sgp30,,,,0.0,400.0,,
2021-02-14T21:14:00+0900,m5stack-bme280-device-bme280,24.6,39.85449,1012.523,,,,8.949774988919884
2021-02-14T21:14:00+0900,m5stack-bme280-device-sgp30,,,,15.0,400.0,,
2021-02-14T21:15:00+0900,m5stack-bme280-device-bme280,24.62,43.77344,1012.56,,,,9.840914586929795
2021-02-14T21:15:00+0900,m5stack-bme280-device-sgp30,,,,12913.0,3535.0,,
2021-02-14T21:17:00+0900,m5stack-bme280-device-bme280,24.68,41.25781,1012.635,,,,9.306797734609876
2021-02-14T21:17:00+0900,m5stack-bme280-device-sgp30,,,,550.0,479.0,,
2021-02-14T21:18:00+0900,m5stack-bme280-device-bme280,24.74,41.04492,1012.632,,,,9.290137818757149
2021-02-14T21:18:00+0900,m5stack-bme280-device-sgp30,,,,535.0,484.0,,
2021-02-14T21:20:00+0900,m5stack-bme280-device-bme280,24.84,40.23242,1012.611,,,,9.157672801600002
2021-02-14T21:20:00+0900,m5stack-bme280-device-sgp30,,,,383.0,400.0,,
2021-02-14T21:21:00+0900,m5stack-bme280-device-bme280,24.86,40.24414,1012.575,,,,9.170660908657124
2021-02-14T21:21:00+0900,m5stack-bme280-device-sgp30,,,,356.0,400.0,,
2021-02-14T21:22:00+0900,m5stack-bme280-device-bme280,24.89,41.21777,1012.549,,,,9.40840191973345
2021-02-14T21:22:00+0900,m5stack-bme280-device-sgp30,,,,354.0,462.0,,
2021-02-14T21:23:00+0900,m5stack-bme280-device-bme280,24.94,40.27051,1012.477,,,,9.21807916327906
2021-02-14T21:23:00+0900,m5stack-bme280-device-sgp30,,,,316.0,400.0,,
2021-02-14T21:24:00+0900,m5stack-bme280-device-bme280,24.96,40.03613,1012.447,,,,9.174745709996373
2021-02-14T21:24:00+0900,m5stack-bme280-device-sgp30,,,,299.0,400.0,,
2021-02-14T21:25:00+0900,m5stack-bme280-device-bme280,24.97,40.64063,1012.43,,,,9.31851415967408
2021-02-14T21:25:00+0900,m5stack-bme280-device-sgp30,,,,443.0,590.0,,
2021-02-14T21:26:00+0900,m5stack-bme280-device-bme280,25.04,40.60742,1012.4,,,,9.347622301567476
2021-02-14T21:26:00+0900,m5stack-bme280-device-sgp30,,,,788.0,868.0,,
2021-02-14T21:27:00+0900,m5stack-bme280-device-bme280,25.08,40.66016,1012.342,,,,9.380830679554135
2021-02-14T21:27:00+0900,m5stack-bme280-device-sgp30,,,,706.0,767.0,,
2021-02-14T21:28:00+0900,m5stack-bme280-device-bme280,25.08,40.04688,1012.31,,,,9.23933896286741
2021-02-14T21:28:00+0900,m5stack-bme280-device-sgp30,,,,520.0,648.0,,
2021-02-14T21:29:00+0900,m5stack-bme280-device-bme280,25.08,39.78906,1012.261,,,,9.179856517008794
2021-02-14T21:29:00+0900,m5stack-bme280-device-sgp30,,,,467.0,587.0,,
2021-02-14T21:30:00+0900,m5stack-bme280-device-bme280,25.11,39.64355,1012.276,,,,9.161717488242974
2021-02-14T21:30:00+0900,m5stack-bme280-device-sgp30,,,,419.0,535.0,,
2021-02-14T21:31:00+0900,m5stack-bme280-device-bme280,25.1,40.39453,1012.24,,,,9.33002673266359
2021-02-14T21:31:00+0900,m5stack-bme280-device-sgp30,,,,497.0,587.0,,
2021-02-14T21:32:00+0900,m5stack-bme280-device-bme280,25.08,40.19531,1012.242,,,,9.273583705085992
2021-02-14T21:32:00+0900,m5stack-bme280-device-sgp30,,,,427.0,495.0,,
2021-02-14T21:33:00+0900,m5stack-bme280-device-bme280,25.14,39.89258,1012.159,,,,9.234820481850043
2021-02-14T21:33:00+0900,m5stack-bme280-device-sgp30,,,,395.0,480.0,,
2021-02-14T21:34:00+0900,m5stack-bme280-device-bme280,25.17,41.91602,1012.132,,,,9.719595193487264
2021-02-14T21:34:00+0900,m5stack-bme280-device-sgp30,,,,588.0,639.0,,
2021-02-14T21:35:00+0900,m5stack-bme280-device-bme280,25.16,40.46973,1012.105,,,,9.378956662840409
2021-02-14T21:35:00+0900,m5stack-bme280-device-sgp30,,,,837.0,560.0,,
2021-02-14T21:36:00+0900,m5stack-bme280-device-bme280,25.17,40.41113,1012.124,,,,9.370637405731484
2021-02-14T21:36:00+0900,m5stack-bme280-device-sgp30,,,,343.0,400.0,,
2021-02-14T21:37:00+0900,m5stack-bme280-device-bme280,25.18,40.68945,1012.136,,,,9.440475205159856
2021-02-14T21:37:00+0900,m5stack-bme280-device-sgp30,,,,613.0,610.0,,
2021-02-14T21:38:00+0900,m5stack-bme280-device-bme280,25.2,40.22559,1012.21,,,,9.3433409750175
2021-02-14T21:38:00+0900,m5stack-bme280-device-sgp30,,,,398.0,400.0,,
2021-02-14T21:40:00+0900,m5stack-bme280-device-bme280,25.2,40.10645,1012.342,,,,9.315667903130588
2021-02-14T21:40:00+0900,m5stack-bme280-device-sgp30,,,,335.0,400.0,,
2021-02-14T21:41:00+0900,m5stack-bme280-device-bme280,25.2,40.42383,1012.374,,,,9.389386885466235
2021-02-14T21:41:00+0900,m5stack-bme280-device-sgp30,,,,327.0,400.0,,
2021-02-14T21:42:00+0900,m5stack-bme280-device-bme280,25.21,39.96875,1012.398,,,,9.288897766210058
2021-02-14T21:42:00+0900,m5stack-bme280-device-sgp30,,,,435.0,443.0,,
2021-02-14T21:44:00+0900,m5stack-bme280-device-bme280,25.19,40.51172,1012.351,,,,9.404519205679374
2021-02-14T21:44:00+0900,m5stack-bme280-device-sgp30,,,,306.0,400.0,,
2021-02-14T21:46:00+0900,m5stack-bme280-device-bme280,25.14,40.02246,1012.275,,,,9.264886686747865
2021-02-14T21:46:00+0900,m5stack-bme280-device-sgp30,,,,246.0,400.0,,
2021-02-14T21:48:00+0900,m5stack-bme280-device-bme280,25.11,40.02832,1012.189,,,,9.250638738684756
2021-02-14T21:48:00+0900,m5stack-bme280-device-sgp30,,,,230.0,400.0,,
2021-02-14T21:50:00+0900,m5stack-bme280-device-bme280,25.18,40.09473,1012.118,,,,9.302492523801106
2021-02-14T21:50:00+0900,m5stack-bme280-device-sgp30,,,,225.0,400.0,,
2021-02-14T21:51:00+0900,m5stack-bme280-device-bme280,25.21,40.24609,1012.082,,,,9.353352694284634
2021-02-14T21:51:00+0900,m5stack-bme280-device-sgp30,,,,207.0,400.0,,
2021-02-14T21:52:00+0900,m5stack-bme280-device-bme280,25.18,41.59082,1012.028,,,,9.649604626562082
2021-02-14T21:52:00+0900,m5stack-bme280-device-sgp30,,,,211.0,406.0,,
2021-02-14T21:53:00+0900,m5stack-bme280-device-bme280,25.2,40.16602,1012.002,,,,9.329504439074045
2021-02-14T21:53:00+0900,m5stack-bme280-device-sgp30,,,,200.0,400.0,,
2021-02-14T21:54:00+0900,m5stack-bme280-device-bme280,25.19,39.99707,1011.994,,,,9.285046721933858
2021-02-14T21:54:00+0900,m5stack-bme280-device-sgp30,,,,194.0,400.0,,
2021-02-14T21:55:00+0900,m5stack-bme280-device-bme280,25.3,41.11719,1012.039,,,,9.604190632496898
2021-02-14T21:55:00+0900,m5stack-bme280-device-sgp30,,,,173.0,400.0,,
2021-02-14T21:56:00+0900,m5stack-bme280-device-bme280,25.36,40.01172,1012.05,,,,9.377481312733934
2021-02-14T21:56:00+0900,m5stack-bme280-device-sgp30,,,,172.0,400.0,,
2021-02-14T21:57:00+0900,m5stack-bme280-device-bme280,25.42,40.81934,1012.033,,,,9.598998672945212
2021-02-14T21:57:00+0900,m5stack-bme280-device-sgp30,,,,188.0,400.0,,
2021-02-14T21:58:00+0900,m5stack-bme280-device-bme280,25.43,40.30566,1012.072,,,,9.483516828633324
2021-02-14T21:58:00+0900,m5stack-bme280-device-sgp30,,,,155.0,400.0,,
2021-02-14T21:59:00+0900,m5stack-bme280-device-bme280,25.48,39.55664,1012.056,,,,9.333394886018544
2021-02-14T21:59:00+0900,m5stack-bme280-device-sgp30,,,,151.0,400.0,,
2021-02-14T22:00:00+0900,m5stack-bme280-device-bme280,25.45,40.61426,1012.067,,,,9.56684479801938
2021-02-14T22:00:00+0900,m5stack-bme280-device-sgp30,,,,220.0,468.0,,
2021-02-14T22:01:00+0900,m5stack-bme280-device-bme280,25.44,39.42383,1012.079,,,,9.28123150895941
2021-02-14T22:01:00+0900,m5stack-bme280-device-sgp30,,,,145.0,400.0,,
2021-02-14T22:02:00+0900,m5stack-bme280-device-bme280,25.43,39.76074,1012.05,,,,9.355302627693336
2021-02-14T22:02:00+0900,m5stack-bme280-device-sgp30,,,,147.0,400.0,,
2021-02-14T22:03:00+0900,m5stack-bme280-device-bme280,25.44,39.39453,1012.053,,,,9.274333648370714
2021-02-14T22:03:00+0900,m5stack-bme280-device-sgp30,,,,124.0,400.0,,
2021-02-14T22:04:00+0900,m5stack-bme280-device-bme280,25.42,39.37207,1012.026,,,,9.258661401215846
2021-02-14T22:04:00+0900,m5stack-bme280-device-sgp30,,,,113.0,400.0,,
2021-02-14T22:05:00+0900,m5stack-bme280-device-bme280,25.42,39.29395,1012.022,,,,9.240290849993544
2021-02-14T22:05:00+0900,m5stack-bme280-device-sgp30,,,,100.0,400.0,,
2021-02-14T22:07:00+0900,m5stack-bme280-device-bme280,25.41,39.20313,1012.055,,,,9.213767483491434
2021-02-14T22:07:00+0900,m5stack-bme280-device-sgp30,,,,88.0,400.0,,
2021-02-14T22:08:00+0900,m5stack-bme280-device-bme280,25.42,39.32227,1012.087,,,,9.246950527548789
2021-02-14T22:08:00+0900,m5stack-bme280-device-sgp30,,,,77.0,400.0,,
2021-02-14T22:10:00+0900,m5stack-bme280-device-bme280,25.44,39.11719,1012.183,,,,9.209041748859812
2021-02-14T22:10:00+0900,m5stack-bme280-device-sgp30,,,,69.0,400.0,,
2021-02-14T22:12:00+0900,m5stack-bme280-device-bme280,25.47,41.16113,1012.267,,,,9.706534434109152
2021-02-14T22:12:00+0900,m5stack-bme280-device-sgp30,,,,66.0,400.0,,
2021-02-14T22:14:00+0900,m5stack-bme280-device-bme280,25.48,39.85352,1012.195,,,,9.403443764633137
2021-02-14T22:14:00+0900,m5stack-bme280-device-sgp30,,,,8.0,435.0,,
2021-02-14T22:16:00+0900,m5stack-bme280-device-bme280,25.47,39.24805,1012.104,,,,9.255395777439483
2021-02-14T22:16:00+0900,m5stack-bme280-device-sgp30,,,,1.0,404.0,,
2021-02-14T22:17:00+0900,m5stack-bme280-device-bme280,25.43,39.49316,1012.121,,,,9.292343742191756
2021-02-14T22:17:00+0900,m5stack-bme280-device-sgp30,,,,11.0,417.0,,
2021-02-14T22:18:00+0900,m5stack-bme280-device-bme280,25.43,39.73047,1012.081,,,,9.348180400829843
2021-02-14T22:18:00+0900,m5stack-bme280-device-sgp30,,,,4.0,403.0,,
2021-02-14T22:19:00+0900,m5stack-bme280-device-bme280,25.43,39.5625,1012.066,,,,9.308658747501118
2021-02-14T22:19:00+0900,m5stack-bme280-device-sgp30,,,,2.0,401.0,,
2021-02-14T22:20:00+0900,m5stack-bme280-device-bme280,25.38,39.61719,1012.005,,,,9.295435005238875
2021-02-14T22:20:00+0900,m5stack-bme280-device-sgp30,,,,5.0,400.0,,
2021-02-14T22:21:00+0900,m5stack-bme280-device-bme280,25.39,39.75684,1011.944,,,,9.333432953922332
2021-02-14T22:21:00+0900,m5stack-bme280-device-sgp30,,,,5.0,400.0,,
2021-02-14T22:22:00+0900,m5stack-bme280-device-bme280,25.36,39.81348,1011.872,,,,9.331020128475016
2021-02-14T22:22:00+0900,m5stack-bme280-device-sgp30,,,,7.0,400.0,,
2021-02-14T22:23:00+0900,m5stack-bme280-device-bme280,25.36,39.78418,1011.81,,,,9.324153135442396
2021-02-14T22:23:00+0900,m5stack-bme280-device-sgp30,,,,7.0,400.0,,
2021-02-14T22:24:00+0900,m5stack-bme280-device-bme280,25.37,39.66602,1011.803,,,,9.301674850242934
2021-02-14T22:24:00+0900,m5stack-bme280-device-sgp30,,,,11.0,400.0,,
2021-02-14T22:25:00+0900,m5stack-bme280-device-bme280,25.38,41.06445,1011.828,,,,9.635007581327235
2021-02-14T22:25:00+0900,m5stack-bme280-device-sgp30,,,,13.0,408.0,,
2021-02-14T22:26:00+0900,m5stack-bme280-device-bme280,25.37,39.89355,1011.843,,,,9.355030596009104
2021-02-14T22:26:00+0900,m5stack-bme280-device-sgp30,,,,3.0,400.0,,
2021-02-14T22:27:00+0900,m5stack-bme280-device-bme280,25.39,39.66797,1011.845,,,,9.312569570750656
2021-02-14T22:27:00+0900,m5stack-bme280-device-sgp30,,,,6.0,400.0,,
2021-02-14T22:28:00+0900,m5stack-bme280-device-bme280,25.46,42.60742,1011.863,,,,10.041967090601124
2021-02-14T22:28:00+0900,m5stack-bme280-device-sgp30,,,,41.0,471.0,,
2021-02-14T22:29:00+0900,m5stack-bme280-device-bme280,25.45,40.04883,1011.812,,,,9.433655591712428
2021-02-14T22:29:00+0900,m5stack-bme280-device-sgp30,,,,18.0,401.0,,
2021-02-14T22:30:00+0900,m5stack-bme280-device-bme280,25.43,39.69141,1011.847,,,,9.338989975283498
2021-02-14T22:30:00+0900,m5stack-bme280-device-sgp30,,,,7.0,400.0,,
2021-02-14T22:31:00+0900,m5stack-bme280-device-bme280,25.43,40.68262,1011.842,,,,9.572211729144112
2021-02-14T22:31:00+0900,m5stack-bme280-device-sgp30,,,,35.0,515.0,,
2021-02-14T22:34:00+0900,m5stack-bme280-device-bme280,25.47,41.64648,1011.812,,,,9.820988689558282
2021-02-14T22:34:00+0900,m5stack-bme280-device-sgp30,,,,0.0,400.0,,
2021-02-14T22:35:00+0900,m5stack-bme280-device-bme280,25.46,41.36914,1011.763,,,,9.750121984538628
2021-02-14T22:35:00+0900,m5stack-bme280-device-sgp30,,,,16.0,452.0,,
2021-02-14T22:36:00+0900,m5stack-bme280-device-bme280,25.49,40.54004,1011.705,,,,9.570788858505638
2021-02-14T22:36:00+0900,m5stack-bme280-device-sgp30,,,,36.0,451.0,,
2021-02-14T22:38:00+0900,m5stack-bme280-device-bme280,25.48,42.06543,1011.723,,,,9.925344246633966
2021-02-14T22:38:00+0900,m5stack-bme280-device-sgp30,,,,32.0,505.0,,
2021-02-14T22:40:00+0900,m5stack-bme280-device-bme280,25.51,42.39453,1011.674,,,,10.019821030797498
2021-02-14T22:40:00+0900,m5stack-bme280-device-sgp30,,,,2.0,401.0,,
2021-02-14T22:41:00+0900,m5stack-bme280-device-bme280,25.54,39.90918,1011.656,,,,9.448278135567731
2021-02-14T22:41:00+0900,m5stack-bme280-device-sgp30,,,,2.0,402.0,,
2021-02-14T22:42:00+0900,m5stack-bme280-device-bme280,25.54,41.57422,1011.66,,,,9.842467167435732
2021-02-14T22:42:00+0900,m5stack-bme280-device-sgp30,,,,18.0,475.0,,
2021-02-14T22:43:00+0900,m5stack-bme280-device-bme280,25.54,40.62305,1011.649,,,,9.61728291874388
2021-02-14T22:43:00+0900,m5stack-bme280-device-sgp30,,,,13.0,463.0,,
2021-02-14T22:44:00+0900,m5stack-bme280-device-bme280,25.52,39.93652,1011.635,,,,9.444166140522084
2021-02-14T22:44:00+0900,m5stack-bme280-device-sgp30,,,,23.0,425.0,,
2021-02-14T22:46:00+0900,m5stack-bme280-device-bme280,25.49,40.38965,1011.543,,,,9.535284430379008
2021-02-14T22:46:00+0900,m5stack-bme280-device-sgp30,,,,3.0,411.0,,
2021-02-14T22:49:00+0900,m5stack-bme280-device-bme280,25.45,40.87305,1011.428,,,,9.627803775611962
2021-02-14T22:49:00+0900,m5stack-bme280-device-sgp30,,,,0.0,400.0,,
2021-02-14T22:50:00+0900,m5stack-bme280-device-bme280,25.49,41.84766,1011.432,,,,9.879494891532715
2021-02-14T22:50:00+0900,m5stack-bme280-device-sgp30,,,,18.0,442.0,,
2021-02-14T22:52:00+0900,m5stack-bme280-device-bme280,25.43,39.78027,1011.4,,,,9.35989784046651
2021-02-14T22:52:00+0900,m5stack-bme280-device-sgp30,,,,0.0,400.0,,
2021-02-14T22:53:00+0900,m5stack-bme280-device-bme280,25.46,42.64648,1011.383,,,,10.051172980902836
2021-02-14T22:53:00+0900,m5stack-bme280-device-sgp30,,,,35.0,456.0,,
2021-02-14T22:54:00+0900,m5stack-bme280-device-bme280,25.45,40.32715,1011.399,,,,9.499214935750327
2021-02-14T22:54:00+0900,m5stack-bme280-device-sgp30,,,,29.0,416.0,,
2021-02-14T22:55:00+0900,m5stack-bme280-device-bme280,25.44,40.44531,1011.405,,,,9.52171023367418
2021-02-14T22:55:00+0900,m5stack-bme280-device-sgp30,,,,22.0,424.0,,
2021-02-14T22:56:00+0900,m5stack-bme280-device-bme280,25.39,41.62988,1011.378,,,,9.77315334568422
2021-02-14T22:56:00+0900,m5stack-bme280-device-sgp30,,,,29.0,474.0,,
2021-02-14T22:57:00+0900,m5stack-bme280-device-bme280,25.38,40.78711,1011.369,,,,9.569934921091791
2021-02-14T22:57:00+0900,m5stack-bme280-device-sgp30,,,,5.0,400.0,,
2021-02-14T22:58:00+0900,m5stack-bme280-device-bme280,25.49,40.47949,1011.338,,,,9.556494070799888
2021-02-14T22:58:00+0900,m5stack-bme280-device-sgp30,,,,6.0,401.0,,
2021-02-14T23:00:00+0900,m5stack-bme280-device-bme280,25.48,40.16113,1011.235,,,,9.476024388287929
2021-02-14T23:00:00+0900,m5stack-bme280-device-sgp30,,,,1.0,401.0,,
2021-02-14T23:01:00+0900,m5stack-bme280-device-bme280,25.43,40.13672,1011.206,,,,9.44376694405063
2021-02-14T23:01:00+0900,m5stack-bme280-device-sgp30,,,,8.0,404.0,,
2021-02-14T23:02:00+0900,m5stack-bme280-device-bme280,25.38,40.0332,1011.161,,,,9.39304399559204
2021-02-14T23:02:00+0900,m5stack-bme280-device-sgp30,,,,2.0,403.0,,
2021-02-14T23:03:00+0900,m5stack-bme280-device-bme280,25.39,40.5,1011.144,,,,9.507899386215165
2021-02-14T23:03:00+0900,m5stack-bme280-device-sgp30,,,,22.0,413.0,,
2021-02-14T23:04:00+0900,m5stack-bme280-device-bme280,25.35,40.30859,1011.103,,,,9.44176165620382
2021-02-14T23:04:00+0900,m5stack-bme280-device-sgp30,,,,6.0,410.0,,
2021-02-14T23:05:00+0900,m5stack-bme280-device-bme280,25.35,44.08203,1011.088,,,,10.325640777353572
2021-02-14T23:05:00+0900,m5stack-bme280-device-sgp30,,,,10.0,445.0,,
2021-02-14T23:06:00+0900,m5stack-bme280-device-bme280,25.37,40.35938,1011.073,,,,9.464267650684327
2021-02-14T23:06:00+0900,m5stack-bme280-device-sgp30,,,,14.0,400.0,,
2021-02-14T23:10:00+0900,m5stack-bme280-device-bme280,25.32,40.51465,1010.968,,,,9.474072966463751
2021-02-14T23:10:00+0900,m5stack-bme280-device-sgp30,,,,0.0,400.0,,
2021-02-14T23:11:00+0900,m5stack-bme280-device-bme280,25.32,40.4043,1010.911,,,,9.448268375979834
2021-02-14T23:11:00+0900,m5stack-bme280-device-sgp30,,,,7.0,410.0,,
2021-02-14T23:12:00+0900,m5stack-bme280-device-bme280,25.3,40.96777,1010.9,,,,9.56928897301317
2021-02-14T23:12:00+0900,m5stack-bme280-device-sgp30,,,,13.0,432.0,,
2021-02-14T23:13:00+0900,m5stack-bme280-device-bme280,25.27,40.47949,1010.847,,,,9.439332911998552
2021-02-14T23:13:00+0900,m5stack-bme280-device-sgp30,,,,207.0,404.0,,
2021-02-14T23:14:00+0900,m5stack-bme280-device-bme280,25.27,41.70801,1010.826,,,,9.725809082252882
2021-02-14T23:14:00+0900,m5stack-bme280-device-sgp30,,,,26.0,475.0,,
2021-02-14T23:15:00+0900,m5stack-bme280-device-bme280,25.27,40.51953,1010.82,,,,9.448669761099085
2021-02-14T23:15:00+0900,m5stack-bme280-device-sgp30,,,,5.0,409.0,,
2021-02-14T23:16:00+0900,m5stack-bme280-device-bme280,25.21,40.19629,1010.789,,,,9.341778974597196
2021-02-14T23:16:00+0900,m5stack-bme280-device-sgp30,,,,4.0,400.0,,
2021-02-14T23:19:00+0900,m5stack-bme280-device-sgp30,,,,4.0,400.0,,
2021-02-14T23:25:00+0900,m5stack-bme280-device-sgp30,,,,7.0,400.0,,
2021-02-14T23:30:00+0900,m5stack-bme280-device-sgp30,,,,26.0,449.0,,
2021-02-14T23:36:00+0900,m5stack-bme280-device-sgp30,,,,6.0,400.0,,
2021-02-14T23:41:00+0900,m5stack-bme280-device-sgp30,,,,5.0,400.0,,
2021-02-14T23:47:00+0900,m5stack-bme280-device-sgp30,,,,4.0,400.0,,
2021-02-14T23:53:00+0900,m5stack-bme280-device-sgp30,,,,4.0,400.0,,
2021-02-14T23:58:00+0900,m5stack-bme280-device-sgp30,,,,3.0,400.0,,
